id,landscape,box,band_phenotype,boldness,order.b,fpt,temperature,order.temp
GA1,Garenne,GA,3b,9,1,569,15,1
GA2,Garenne,GA,3b,8,1,608,15,1
GA3,Garenne,GA,3b,15,1,764,15,1
GA4,Garenne,GA,3b,13,1,616,15,1
GA5,Garenne,GA,3b,10,1,592,15,1
GA6,Garenne,GA,5b,9,1,848,15,1
GA7,Garenne,GA,5b,14,1,576,15,1
GA8,Garenne,GA,5b,20,1,616,15,1
GA9,Garenne,GA,5b,9,1,622,15,1
GA10,Garenne,GA,5b,11,1,588,15,1
GA11,Garenne,GA,0b,7,1,505,15,1
GA12,Garenne,GA,0b,8,1,456,15,1
GA13,Garenne,GA,0b,8,1,647,15,1
GA14,Garenne,GA,0b,34,1,429,15,1
GA15,Garenne,GA,0b,12,1,1200,15,1
GB1,Garenne,GB,3b,5,1,725,15,1
GB2,Garenne,GB,3b,10,1,675,15,1
GB3,Garenne,GB,3b,16,1,558,15,1
GB4,Garenne,GB,3b,15,1,681,15,1
GB5,Garenne,GB,3b,8,1,579,15,1
GB6,Garenne,GB,5b,11,1,397,15,1
GB7,Garenne,GB,5b,12,1,619,15,1
GB8,Garenne,GB,5b,35,1,639,15,1
GB9,Garenne,GB,5b,10,1,399,15,1
GB10,Garenne,GB,5b,7,1,700,15,1
GB11,Garenne,GB,0b,6,1,665,15,1
GB12,Garenne,GB,0b,26,1,671,15,1
GB13,Garenne,GB,0b,8,1,533,15,1
GB14,Garenne,GB,0b,12,1,420,15,1
GB15,Garenne,GB,0b,24,1,471,15,1
GC1,Garenne,GC,3b,25,1,1131,15,4
GC2,Garenne,GC,3b,266,1,576,15,4
GC3,Garenne,GC,3b,60,1,1200,15,4
GC4,Garenne,GC,3b,8,1,718,15,4
GC5,Garenne,GC,3b,12,1,838,15,4
GC6,Garenne,GC,5b,21,1,558,15,4
GC7,Garenne,GC,5b,22,1,529,15,4
GC8,Garenne,GC,5b,19,1,1200,15,4
GC9,Garenne,GC,5b,8,1,613,15,1
GC10,Garenne,GC,5b,16,1,664,15,4
GC11,Garenne,GC,0b,33,1,702,15,4
GC12,Garenne,GC,0b,20,1,1028,15,4
GC13,Garenne,GC,0b,18,1,479,15,4
GC14,Garenne,GC,0b,14,1,891,15,4
GC15,Garenne,GC,0b,14,1,1170,15,4
GD1,Garenne,GD,3b,7,1,1200,15,4
GD2,Garenne,GD,3b,34,1,725,15,4
GD3,Garenne,GD,3b,13,1,622,15,4
GD4,Garenne,GD,3b,12,1,1200,15,4
GD5,Garenne,GD,3b,8,1,919,15,1
GD6,Garenne,GD,5b,8,1,764,15,4
GD7,Garenne,GD,5b,11,1,1200,15,4
GD8,Garenne,GD,5b,24,1,961,15,4
GD9,Garenne,GD,5b,8,1,740,15,4
GD10,Garenne,GD,5b,7,1,628,15,4
GD11,Garenne,GD,0b,8,1,675,15,4
GD12,Garenne,GD,0b,13,1,903,15,4
GD13,Garenne,GD,0b,21,1,1009,15,4
GD14,Garenne,GD,0b,13,1,854,15,4
GD15,Garenne,GD,0b,10,1,853,15,4
GE1,Garenne,GE,3b,28,1,1200,15,1
GE2,Garenne,GE,3b,9,1,794,15,1
GE3,Garenne,GE,3b,27,1,1200,15,1
GE4,Garenne,GE,3b,8,1,827,15,1
GE5,Garenne,GE,3b,18,1,1105,15,1
GE6,Garenne,GE,5b,8,1,550,15,1
GE7,Garenne,GE,5b,19,1,954,15,1
GE8,Garenne,GE,5b,29,1,779,15,1
GE9,Garenne,GE,5b,14,1,808,15,1
GE10,Garenne,GE,5b,8,1,690,15,1
GE11,Garenne,GE,0b,30,1,545,15,1
GE12,Garenne,GE,0b,21,1,691,15,1
GE13,Garenne,GE,0b,12,1,965,15,1
GE14,Garenne,GE,0b,52,1,1185,15,1
GE15,Garenne,GE,0b,71,1,648,15,1
GF1,Garenne,GF,3b,25,1,489,15,1
GF2,Garenne,GF,3b,8,1,825,15,1
GF3,Garenne,GF,3b,11,1,630,15,1
GF4,Garenne,GF,3b,15,1,567,15,1
GF5,Garenne,GF,3b,7,1,1200,15,1
GF6,Garenne,GF,5b,26,1,708,15,1
GF7,Garenne,GF,5b,22,1,629,15,1
GF8,Garenne,GF,5b,19,1,902,15,1
GF9,Garenne,GF,5b,6,1,586,15,1
GF10,Garenne,GF,5b,69,1,652,15,1
GF11,Garenne,GF,0b,36,1,715,15,1
GF12,Garenne,GF,0b,20,1,552,15,1
GF13,Garenne,GF,0b,21,1,628,15,1
GF14,Garenne,GF,0b,18,1,867,15,1
GF15,Garenne,GF,0b,16,1,1045,15,1
GG1,Garenne,GG,3b,11,1,933,15,1
GG2,Garenne,GG,3b,16,1,823,15,1
GG3,Garenne,GG,3b,16,1,646,15,1
GG4,Garenne,GG,3b,16,1,414,15,1
GG5,Garenne,GG,3b,9,1,1200,15,1
GG6,Garenne,GG,5b,20,1,954,15,1
GG7,Garenne,GG,5b,6,1,593,15,1
GG8,Garenne,GG,5b,9,1,1200,15,1
GG9,Garenne,GG,5b,15,1,668,15,1
GG10,Garenne,GG,5b,10,1,915,15,1
GG11,Garenne,GG,0b,18,1,1200,15,1
GG12,Garenne,GG,0b,21,1,1200,15,1
GG13,Garenne,GG,0b,12,1,729,15,1
GG14,Garenne,GG,0b,12,1,1200,15,1
GG15,Garenne,GG,0b,10,1,553,15,1
GH1,Garenne,GH,3b,13,1,617,15,1
GH2,Garenne,GH,3b,60,1,1080,15,1
GH3,Garenne,GH,3b,290,1,539,15,1
GH4,Garenne,GH,3b,10,1,915,15,1
GH5,Garenne,GH,3b,23,1,548,15,1
GH6,Garenne,GH,5b,11,1,910,15,1
GH7,Garenne,GH,5b,13,1,1200,15,1
GH8,Garenne,GH,5b,14,1,877,15,1
GH9,Garenne,GH,5b,7,1,1200,15,1
GH10,Garenne,GH,5b,1200,1,1200,15,1
GH11,Garenne,GH,0b,18,1,1102,15,1
GH12,Garenne,GH,0b,17,1,678,15,1
GH13,Garenne,GH,0b,17,1,753,15,1
GH14,Garenne,GH,0b,19,1,975,15,1
GH15,Garenne,GH,0b,26,1,527,15,1
GI1,Garenne,GI,3b,15,1,1200,15,4
GI2,Garenne,GI,3b,16,1,750,15,4
GI3,Garenne,GI,3b,25,1,1200,15,4
GI4,Garenne,GI,3b,8,1,854,15,4
GI5,Garenne,GI,3b,59,1,1200,15,4
GI6,Garenne,GI,5b,32,1,606,15,4
GI7,Garenne,GI,5b,11,1,740,15,4
GI8,Garenne,GI,5b,12,1,1200,15,4
GI9,Garenne,GI,5b,16,1,1200,15,4
GI10,Garenne,GI,5b,13,1,790,15,4
GI11,Garenne,GI,0b,28,1,1060,15,4
GI12,Garenne,GI,0b,34,1,1040,15,4
GI13,Garenne,GI,0b,14,1,1023,15,4
GI14,Garenne,GI,0b,15,1,1200,15,4
GI15,Garenne,GI,0b,7,1,724,15,4
GJ1,Garenne,GJ,3b,26,1,640,15,4
GJ2,Garenne,GJ,3b,8,1,600,15,4
GJ3,Garenne,GJ,3b,13,1,643,15,4
GJ4,Garenne,GJ,3b,12,1,653,15,4
GJ5,Garenne,GJ,3b,23,1,910,15,4
GJ6,Garenne,GJ,5b,18,1,800,15,4
GJ7,Garenne,GJ,5b,9,1,760,15,4
GJ8,Garenne,GJ,5b,16,1,1200,15,4
GJ9,Garenne,GJ,5b,12,1,1200,15,4
GJ10,Garenne,GJ,5b,27,1,780,15,4
GJ11,Garenne,GJ,0b,21,1,1040,15,4
GJ12,Garenne,GJ,0b,12,1,1010,15,4
GJ13,Garenne,GJ,0b,9,1,610,15,4
GJ14,Garenne,GJ,0b,15,1,600,15,4
GJ15,Garenne,GJ,0b,7,1,790,15,4
GK1,Garenne,GK,3b,19,1,810,15,4
GK2,Garenne,GK,3b,139,1,980,15,4
GK3,Garenne,GK,3b,8,1,1000,15,4
GK4,Garenne,GK,3b,6,1,850,15,4
GK5,Garenne,GK,3b,12,1,740,15,4
GK6,Garenne,GK,5b,13,1,860,15,4
GK7,Garenne,GK,5b,12,1,980,15,4
GK8,Garenne,GK,5b,12,1,1200,15,4
GK9,Garenne,GK,5b,10,1,1200,15,4
GK10,Garenne,GK,5b,27,1,1070,15,4
GK11,Garenne,GK,0b,6,1,1200,15,4
GK12,Garenne,GK,0b,9,1,1073,15,4
GK13,Garenne,GK,0b,11,1,1073,15,4
GK14,Garenne,GK,0b,9,1,770,15,4
GK15,Garenne,GK,0b,13,1,830,15,4
GL1,Garenne,GL,3b,9,1,679,15,4
GL2,Garenne,GL,3b,9,1,950,15,4
GL3,Garenne,GL,3b,41,1,1000,15,4
GL4,Garenne,GL,3b,5,1,812,15,4
GL5,Garenne,GL,3b,5,1,1200,15,4
GL6,Garenne,GL,5b,15,1,1010,15,4
GL7,Garenne,GL,5b,10,1,1200,15,4
GL8,Garenne,GL,5b,11,1,1100,15,4
GL9,Garenne,GL,5b,13,1,1160,15,4
GL10,Garenne,GL,5b,24,1,1200,15,4
GL11,Garenne,GL,0b,16,1,766,15,4
GL12,Garenne,GL,0b,12,1,1090,15,4
GL13,Garenne,GL,0b,9,1,1039,15,4
GL14,Garenne,GL,0b,34,1,1200,15,4
GL15,Garenne,GL,0b,12,1,1200,15,4
MA1,Marais,MA,3b,15,1,550,15,1
MA2,Marais,MA,3b,24,1,636,15,1
MA3,Marais,MA,3b,41,1,794,15,1
MA4,Marais,MA,3b,16,1,815,15,1
MA5,Marais,MA,3b,58,1,1141,15,1
MA6,Marais,MA,5b,50,1,1129,15,1
MA7,Marais,MA,5b,659,1,595,15,1
MA8,Marais,MA,5b,41,1,607,15,1
MA9,Marais,MA,5b,12,1,479,15,1
MA10,Marais,MA,5b,8,1,609,15,1
MA11,Marais,MA,0b,20,1,364,15,1
MA12,Marais,MA,0b,17,1,638,15,1
MA13,Marais,MA,0b,12,1,543,15,1
MA14,Marais,MA,0b,51,1,673,15,1
MA15,Marais,MA,0b,7,1,900,15,1
MB1,Marais,MB,3b,14,1,400,15,1
MB2,Marais,MB,3b,12,1,501,15,1
MB3,Marais,MB,3b,45,1,555,15,1
MB4,Marais,MB,3b,21,1,604,15,1
MB5,Marais,MB,3b,40,1,685,15,1
MB6,Marais,MB,5b,531,1,625,15,1
MB7,Marais,MB,5b,15,1,432,15,1
MB8,Marais,MB,5b,19,1,546,15,1
MB9,Marais,MB,5b,9,1,412,15,1
MB10,Marais,MB,5b,16,1,638,15,1
MB11,Marais,MB,0b,30,1,839,15,1
MB12,Marais,MB,0b,13,1,479,15,1
MB13,Marais,MB,0b,22,1,746,15,1
MB14,Marais,MB,0b,19,1,571,15,1
MB15,Marais,MB,0b,22,1,532,15,1
MC1,Marais,MC,3b,11,1,489,15,4
MC2,Marais,MC,3b,324,1,784,15,1
MC3,Marais,MC,3b,21,1,1200,15,1
MC4,Marais,MC,3b,8,1,619,15,4
MC5,Marais,MC,3b,5,1,1200,15,4
MC6,Marais,MC,5b,19,1,1200,15,4
MC7,Marais,MC,5b,9,1,1200,15,4
MC8,Marais,MC,5b,10,1,1200,15,4
MC9,Marais,MC,5b,20,1,1200,15,4
MC10,Marais,MC,5b,11,1,829,15,4
MC11,Marais,MC,0b,28,1,1200,15,4
MC12,Marais,MC,0b,7,1,1183,15,4
MC13,Marais,MC,0b,43,1,650,15,4
MC14,Marais,MC,0b,10,1,1200,15,4
MC15,Marais,MC,0b,16,1,751,15,1
MD1,Marais,MD,3b,22,1,592,15,4
MD2,Marais,MD,3b,640,1,1200,15,1
MD3,Marais,MD,3b,1200,1,1200,15,1
MD4,Marais,MD,3b,124,1,683,15,1
MD5,Marais,MD,3b,8,1,638,15,4
MD6,Marais,MD,5b,230,1,812,15,1
MD7,Marais,MD,5b,20,1,523,15,1
MD8,Marais,MD,5b,75,1,833,15,4
MD9,Marais,MD,5b,39,1,645,15,1
MD10,Marais,MD,5b,18,1,746,15,4
MD11,Marais,MD,0b,12,1,444,15,4
MD12,Marais,MD,0b,12,1,843,15,4
MD13,Marais,MD,0b,15,1,1200,15,4
MD14,Marais,MD,0b,12,1,647,15,4
MD15,Marais,MD,0b,24,1,1200,15,4
ME1,Marais,ME,3b,27,1,1013,15,1
ME2,Marais,ME,3b,15,1,1200,15,1
ME3,Marais,ME,3b,22,1,510,15,1
ME4,Marais,ME,3b,7,1,1200,15,1
ME5,Marais,ME,3b,8,1,761,15,1
ME6,Marais,ME,5b,11,1,866,15,1
ME7,Marais,ME,5b,13,1,1157,15,1
ME8,Marais,ME,5b,12,1,1106,15,1
ME9,Marais,ME,5b,33,1,1200,15,1
ME10,Marais,ME,5b,11,1,1097,15,1
ME11,Marais,ME,0b,27,1,864,15,1
ME12,Marais,ME,0b,20,1,783,15,1
ME13,Marais,ME,0b,26,1,568,15,1
ME14,Marais,ME,0b,12,1,1200,15,1
ME15,Marais,ME,0b,9,1,637,15,1
MF1,Marais,MF,3b,18,1,587,15,1
MF2,Marais,MF,3b,12,1,713,15,1
MF3,Marais,MF,3b,10,1,716,15,1
MF4,Marais,MF,3b,13,1,844,15,1
MF5,Marais,MF,3b,23,1,684,15,1
MF6,Marais,MF,5b,7,1,1200,15,1
MF7,Marais,MF,5b,29,1,1200,15,1
MF8,Marais,MF,5b,9,1,974,15,1
MF9,Marais,MF,5b,10,1,1200,15,1
MF10,Marais,MF,5b,15,1,1103,15,1
MF11,Marais,MF,0b,410,1,1200,15,1
MF12,Marais,MF,0b,7,1,515,15,1
MF13,Marais,MF,0b,40,1,1032,15,1
MF14,Marais,MF,0b,13,1,521,15,1
MF15,Marais,MF,0b,34,1,1054,15,1
MG1,Marais,MG,3b,13,1,583,15,1
MG2,Marais,MG,3b,30,1,597,15,1
MG3,Marais,MG,3b,17,1,840,15,1
MG4,Marais,MG,3b,6,1,780,15,1
MG5,Marais,MG,3b,10,1,872,15,1
MG6,Marais,MG,5b,19,1,706,15,1
MG7,Marais,MG,5b,19,1,692,15,1
MG8,Marais,MG,5b,48,1,860,15,1
MG9,Marais,MG,5b,34,1,966,15,1
MG10,Marais,MG,5b,22,1,816,15,1
MG11,Marais,MG,0b,9,1,789,15,1
MG12,Marais,MG,0b,747,1,1200,15,1
MG13,Marais,MG,0b,60,1,971,15,1
MG14,Marais,MG,0b,10,1,1175,15,1
MG15,Marais,MG,0b,32,1,1139,15,1
MH1,Marais,MH,3b,44,1,1063,15,1
MH2,Marais,MH,3b,26,1,634,15,1
MH3,Marais,MH,3b,13,1,843,15,1
MH4,Marais,MH,3b,172,1,1200,15,1
MH5,Marais,MH,3b,12,1,613,15,1
MH6,Marais,MH,5b,32,1,583,15,1
MH7,Marais,MH,5b,34,1,856,15,1
MH8,Marais,MH,5b,9,1,1200,15,1
MH9,Marais,MH,5b,8,1,826,15,1
MH10,Marais,MH,5b,18,1,842,15,1
MH11,Marais,MH,0b,12,1,612,15,1
MH12,Marais,MH,0b,36,1,715,15,1
MH13,Marais,MH,0b,8,1,778,15,1
MH14,Marais,MH,0b,24,1,1010,15,1
MH15,Marais,MH,0b,13,1,895,15,1
MI1,Marais,MI,3b,15,1,1200,15,4
MI2,Marais,MI,3b,9,1,1200,15,4
MI3,Marais,MI,3b,7,1,907,15,4
MI4,Marais,MI,3b,11,1,975,15,4
MI5,Marais,MI,3b,20,1,964,15,4
MI6,Marais,MI,5b,18,1,880,15,4
MI7,Marais,MI,5b,17,1,1200,15,4
MI8,Marais,MI,5b,43,1,1140,15,4
MI9,Marais,MI,5b,11,1,906,15,4
MI10,Marais,MI,5b,9,1,1200,15,4
MI11,Marais,MI,0b,22,1,1200,15,4
MI12,Marais,MI,0b,9,1,1200,15,4
MI13,Marais,MI,0b,24,1,726,15,4
MI14,Marais,MI,0b,14,1,756,15,4
MI15,Marais,MI,0b,21,1,900,15,4
MJ1,Marais,MJ,3b,15,1,890,15,4
MJ2,Marais,MJ,3b,16,1,920,15,4
MJ3,Marais,MJ,3b,8,1,1200,15,4
MJ4,Marais,MJ,3b,18,1,830,15,4
MJ5,Marais,MJ,3b,14,1,731,15,4
MJ6,Marais,MJ,5b,16,1,740,15,4
MJ7,Marais,MJ,5b,60,1,1200,15,4
MJ8,Marais,MJ,5b,28,1,1200,15,4
MJ9,Marais,MJ,5b,23,1,1192,15,4
MJ10,Marais,MJ,5b,24,1,1200,15,4
MJ11,Marais,MJ,0b,5,1,1200,15,4
MJ12,Marais,MJ,0b,27,1,1200,15,4
MJ13,Marais,MJ,0b,24,1,1200,15,4
MJ14,Marais,MJ,0b,27,1,1200,15,4
MJ15,Marais,MJ,0b,5,1,1200,15,4
MK1,Marais,MK,3b,13,1,1090,15,4
MK2,Marais,MK,3b,37,1,1200,15,4
MK3,Marais,MK,3b,30,1,1015,15,4
MK4,Marais,MK,3b,13,1,1200,15,4
MK5,Marais,MK,3b,12,1,725,15,4
MK6,Marais,MK,5b,32,1,790,15,4
MK7,Marais,MK,5b,16,1,1200,15,4
MK8,Marais,MK,5b,769,1,1200,15,4
MK9,Marais,MK,5b,8,1,330,15,4
MK10,Marais,MK,5b,14,1,1200,15,4
MK11,Marais,MK,0b,8,1,1200,15,4
MK12,Marais,MK,0b,4,1,1045,15,4
MK13,Marais,MK,0b,7,1,940,15,4
MK14,Marais,MK,0b,10,1,604,15,4
MK15,Marais,MK,0b,16,1,790,15,4
ML1,Marais,ML,3b,20,1,1200,15,4
ML2,Marais,ML,3b,17,1,770,15,4
ML3,Marais,ML,3b,49,1,831,15,4
ML4,Marais,ML,3b,9,1,1200,15,4
ML5,Marais,ML,3b,6,1,1200,15,4
ML6,Marais,ML,5b,18,1,830,15,4
ML7,Marais,ML,5b,15,1,1190,15,4
ML8,Marais,ML,5b,27,1,861,15,4
ML9,Marais,ML,5b,15,1,980,15,4
ML10,Marais,ML,5b,30,1,1200,15,4
ML11,Marais,ML,0b,55,1,1200,15,4
ML12,Marais,ML,0b,12,1,1200,15,4
ML13,Marais,ML,0b,25,1,1200,15,4
ML14,Marais,ML,0b,17,1,840,15,4
ML15,Marais,ML,0b,16,1,1200,15,4
GA1,Garenne,GA,3b,10,2,778,18,2
GA2,Garenne,GA,3b,21,2,722,18,2
GA3,Garenne,GA,3b,7,2,753,18,2
GA4,Garenne,GA,3b,6,2,1200,18,2
GA5,Garenne,GA,3b,13,2,778,18,2
GA6,Garenne,GA,5b,107,2,998,18,2
GA7,Garenne,GA,5b,17,2,668,18,2
GA8,Garenne,GA,5b,28,2,857,18,2
GA9,Garenne,GA,5b,7,2,935,18,2
GA10,Garenne,GA,5b,7,2,686,18,2
GA11,Garenne,GA,0b,10,2,1184,18,2
GA12,Garenne,GA,0b,3,2,644,18,2
GA13,Garenne,GA,0b,9,2,624,18,2
GA14,Garenne,GA,0b,14,2,495,18,2
GA15,Garenne,GA,0b,18,2,608,18,2
GB1,Garenne,GB,3b,7,2,1166,18,2
GB2,Garenne,GB,3b,9,2,715,18,2
GB3,Garenne,GB,3b,14,2,747,18,2
GB4,Garenne,GB,3b,15,2,938,18,2
GB5,Garenne,GB,3b,19,2,541,18,2
GB6,Garenne,GB,5b,6,2,701,18,2
GB7,Garenne,GB,5b,7,2,613,18,2
GB8,Garenne,GB,5b,8,2,489,18,2
GB9,Garenne,GB,5b,43,2,564,18,2
GB10,Garenne,GB,5b,9,2,817,18,2
GB11,Garenne,GB,0b,16,2,693,18,2
GB12,Garenne,GB,0b,6,2,818,18,2
GB13,Garenne,GB,0b,15,2,920,18,2
GB14,Garenne,GB,0b,8,2,960,18,2
GB15,Garenne,GB,0b,19,2,1082,18,2
GC1,Garenne,GC,3b,45,2,691,18,3
GC2,Garenne,GC,3b,35,2,647,18,3
GC3,Garenne,GC,3b,74,2,625,18,3
GC4,Garenne,GC,3b,10,2,578,18,3
GC5,Garenne,GC,3b,9,2,1010,18,3
GC6,Garenne,GC,5b,7,2,701,18,3
GC7,Garenne,GC,5b,8,2,818,18,3
GC8,Garenne,GC,5b,21,2,1200,18,3
GC9,Garenne,GC,5b,9,2,633,18,2
GC10,Garenne,GC,5b,8,2,663,18,3
GC11,Garenne,GC,0b,9,2,793,18,3
GC12,Garenne,GC,0b,24,2,627,18,3
GC13,Garenne,GC,0b,17,2,791,18,3
GC14,Garenne,GC,0b,10,2,785,18,3
GC15,Garenne,GC,0b,30,2,1200,18,3
GD1,Garenne,GD,3b,10,2,619,18,3
GD2,Garenne,GD,3b,25,2,1179,18,3
GD3,Garenne,GD,3b,123,2,1200,18,3
GD4,Garenne,GD,3b,14,2,925,18,3
GD5,Garenne,GD,3b,7,2,414,18,2
GD6,Garenne,GD,5b,21,2,869,18,3
GD7,Garenne,GD,5b,12,2,998,18,3
GD8,Garenne,GD,5b,24,2,1200,18,3
GD9,Garenne,GD,5b,7,2,930,18,3
GD10,Garenne,GD,5b,3,2,1200,18,3
GD11,Garenne,GD,0b,7,2,707,18,3
GD12,Garenne,GD,0b,15,2,873,18,3
GD13,Garenne,GD,0b,28,2,635,18,3
GD14,Garenne,GD,0b,10,2,759,18,3
GD15,Garenne,GD,0b,18,2,1200,18,3
GE1,Garenne,GE,3b,43,2,1200,18,2
GE2,Garenne,GE,3b,7,2,1200,18,2
GE3,Garenne,GE,3b,87,2,1137,18,2
GE4,Garenne,GE,3b,14,2,1200,18,2
GE5,Garenne,GE,3b,30,2,1072,18,2
GE6,Garenne,GE,5b,24,2,1200,18,2
GE7,Garenne,GE,5b,12,2,628,18,2
GE8,Garenne,GE,5b,9,2,707,18,2
GE9,Garenne,GE,5b,24,2,742,18,2
GE10,Garenne,GE,5b,32,2,1200,18,2
GE11,Garenne,GE,0b,12,2,1200,18,2
GE12,Garenne,GE,0b,10,2,485,18,2
GE13,Garenne,GE,0b,7,2,602,18,2
GE14,Garenne,GE,0b,115,2,1200,18,2
GE15,Garenne,GE,0b,119,2,818,18,2
GF1,Garenne,GF,3b,1200,2,480,18,2
GF2,Garenne,GF,3b,25,2,645,18,2
GF3,Garenne,GF,3b,9,2,606,18,2
GF4,Garenne,GF,3b,12,2,552,18,2
GF5,Garenne,GF,3b,11,2,772,18,2
GF6,Garenne,GF,5b,30,2,1200,18,2
GF7,Garenne,GF,5b,12,2,1039,18,2
GF8,Garenne,GF,5b,44,2,1200,18,2
GF9,Garenne,GF,5b,23,2,596,18,2
GF10,Garenne,GF,5b,13,2,1200,18,2
GF11,Garenne,GF,0b,18,2,624,18,2
GF12,Garenne,GF,0b,16,2,664,18,2
GF13,Garenne,GF,0b,21,2,693,18,2
GF14,Garenne,GF,0b,21,2,1200,18,2
GF15,Garenne,GF,0b,8,2,900,18,2
GG1,Garenne,GG,3b,18,2,629,18,2
GG2,Garenne,GG,3b,18,2,1200,18,2
GG3,Garenne,GG,3b,5,2,1200,18,2
GG4,Garenne,GG,3b,34,2,740,18,2
GG5,Garenne,GG,3b,14,2,821,18,2
GG6,Garenne,GG,5b,16,2,1200,18,2
GG7,Garenne,GG,5b,16,2,1200,18,2
GG8,Garenne,GG,5b,102,2,844,18,2
GG9,Garenne,GG,5b,31,2,892,18,2
GG10,Garenne,GG,5b,14,2,793,18,2
GG11,Garenne,GG,0b,18,2,1200,18,2
GG12,Garenne,GG,0b,20,2,577,18,2
GG13,Garenne,GG,0b,9,2,1061,18,2
GG14,Garenne,GG,0b,18,2,623,18,2
GG15,Garenne,GG,0b,17,2,734,18,2
GH1,Garenne,GH,3b,20,2,783,18,2
GH2,Garenne,GH,3b,36,2,626,18,2
GH3,Garenne,GH,3b,31,2,1200,18,2
GH4,Garenne,GH,3b,26,2,740,18,2
GH5,Garenne,GH,3b,23,2,675,18,2
GH6,Garenne,GH,5b,15,2,1200,18,2
GH7,Garenne,GH,5b,26,2,1200,18,2
GH8,Garenne,GH,5b,1200,2,928,18,2
GH9,Garenne,GH,5b,21,2,717,18,2
GH10,Garenne,GH,5b,123,2,1200,18,2
GH11,Garenne,GH,0b,29,2,813,18,2
GH12,Garenne,GH,0b,18,2,496,18,2
GH13,Garenne,GH,0b,8,2,716,18,2
GH14,Garenne,GH,0b,26,2,677,18,2
GH15,Garenne,GH,0b,4,2,666,18,2
GI1,Garenne,GI,3b,25,2,850,18,3
GI2,Garenne,GI,3b,35,2,583,18,3
GI3,Garenne,GI,3b,21,2,1151,18,3
GI4,Garenne,GI,3b,12,2,996,18,3
GI5,Garenne,GI,3b,7,2,937,18,3
GI6,Garenne,GI,5b,93,2,595,18,3
GI7,Garenne,GI,5b,11,2,965,18,3
GI8,Garenne,GI,5b,25,2,802,18,3
GI9,Garenne,GI,5b,10,2,1200,18,3
GI10,Garenne,GI,5b,37,2,1200,18,3
GI11,Garenne,GI,0b,18,2,508,18,3
GI12,Garenne,GI,0b,37,2,876,18,3
GI13,Garenne,GI,0b,5,2,723,18,3
GI14,Garenne,GI,0b,11,2,754,18,3
GI15,Garenne,GI,0b,24,2,886,18,3
GJ1,Garenne,GJ,3b,30,2,550,18,3
GJ2,Garenne,GJ,3b,9,2,1200,18,3
GJ3,Garenne,GJ,3b,8,2,739,18,3
GJ4,Garenne,GJ,3b,8,2,677,18,3
GJ5,Garenne,GJ,3b,33,2,754,18,3
GJ6,Garenne,GJ,5b,28,2,566,18,3
GJ7,Garenne,GJ,5b,44,2,677,18,3
GJ8,Garenne,GJ,5b,32,2,911,18,3
GJ9,Garenne,GJ,5b,10,2,691,18,3
GJ10,Garenne,GJ,5b,16,2,858,18,3
GJ11,Garenne,GJ,0b,34,2,642,18,3
GJ12,Garenne,GJ,0b,16,2,1200,18,3
GJ13,Garenne,GJ,0b,10,2,1065,18,3
GJ14,Garenne,GJ,0b,12,2,567,18,3
GJ15,Garenne,GJ,0b,61,2,602,18,3
GK1,Garenne,GK,3b,17,2,705,18,3
GK2,Garenne,GK,3b,23,2,939,18,3
GK3,Garenne,GK,3b,11,2,935,18,3
GK4,Garenne,GK,3b,8,2,655,18,3
GK5,Garenne,GK,3b,13,2,1200,18,3
GK6,Garenne,GK,5b,17,2,847,18,3
GK7,Garenne,GK,5b,19,2,971,18,3
GK8,Garenne,GK,5b,12,2,755,18,3
GK9,Garenne,GK,5b,99,2,1200,18,3
GK10,Garenne,GK,5b,41,2,612,18,3
GK11,Garenne,GK,0b,13,2,638,18,3
GK12,Garenne,GK,0b,22,2,702,18,3
GK13,Garenne,GK,0b,10,2,655,18,3
GK14,Garenne,GK,0b,103,2,1117,18,3
GK15,Garenne,GK,0b,8,2,1125,18,3
GL1,Garenne,GL,3b,7,2,687,18,3
GL2,Garenne,GL,3b,28,2,730,18,3
GL3,Garenne,GL,3b,129,2,1130,18,3
GL4,Garenne,GL,3b,3,2,724,18,3
GL5,Garenne,GL,3b,6,2,1200,18,3
GL6,Garenne,GL,5b,33,2,1173,18,3
GL7,Garenne,GL,5b,237,2,716,18,3
GL8,Garenne,GL,5b,19,2,818,18,3
GL9,Garenne,GL,5b,16,2,582,18,3
GL10,Garenne,GL,5b,32,2,858,18,3
GL11,Garenne,GL,0b,9,2,633,18,3
GL12,Garenne,GL,0b,12,2,1047,18,3
GL13,Garenne,GL,0b,100,2,1200,18,3
GL14,Garenne,GL,0b,13,2,742,18,3
GL15,Garenne,GL,0b,7,2,752,18,3
MA1,Marais,MA,3b,122,2,948,18,2
MA2,Marais,MA,3b,24,2,948,18,2
MA3,Marais,MA,3b,21,2,1142,18,2
MA4,Marais,MA,3b,19,2,885,18,2
MA5,Marais,MA,3b,57,2,1200,18,2
MA6,Marais,MA,5b,75,2,1200,18,2
MA7,Marais,MA,5b,1200,2,1053,18,2
MA8,Marais,MA,5b,14,2,1053,18,2
MA9,Marais,MA,5b,12,2,487,18,2
MA10,Marais,MA,5b,9,2,522,18,2
MA11,Marais,MA,0b,33,2,631,18,2
MA12,Marais,MA,0b,11,2,1127,18,2
MA13,Marais,MA,0b,42,2,725,18,2
MA14,Marais,MA,0b,21,2,1200,18,2
MA15,Marais,MA,0b,12,2,286,18,2
MB1,Marais,MB,3b,21,2,518,18,2
MB2,Marais,MB,3b,8,2,1200,18,2
MB3,Marais,MB,3b,42,2,1200,18,2
MB4,Marais,MB,3b,598,2,814,18,2
MB5,Marais,MB,3b,13,2,1200,18,2
MB6,Marais,MB,5b,1200,2,1200,18,2
MB7,Marais,MB,5b,31,2,754,18,2
MB8,Marais,MB,5b,7,2,750,18,2
MB9,Marais,MB,5b,10,2,597,18,2
MB10,Marais,MB,5b,26,2,1172,18,2
MB11,Marais,MB,0b,31,2,1092,18,2
MB12,Marais,MB,0b,15,2,654,18,2
MB13,Marais,MB,0b,7,2,646,18,2
MB14,Marais,MB,0b,7,2,1200,18,2
MB15,Marais,MB,0b,26,2,729,18,2
MC1,Marais,MC,3b,8,2,629,18,3
MC2,Marais,MC,3b,759,2,871,18,2
MC3,Marais,MC,3b,1200,2,1040,18,2
MC4,Marais,MC,3b,10,2,1115,18,3
MC5,Marais,MC,3b,16,2,1200,18,3
MC6,Marais,MC,5b,25,2,1200,18,3
MC7,Marais,MC,5b,18,2,947,18,3
MC8,Marais,MC,5b,12,2,865,18,3
MC9,Marais,MC,5b,24,2,1019,18,3
MC10,Marais,MC,5b,11,2,750,18,3
MC11,Marais,MC,0b,17,2,1200,18,3
MC12,Marais,MC,0b,9,2,1200,18,3
MC13,Marais,MC,0b,58,2,717,18,3
MC14,Marais,MC,0b,13,2,1200,18,3
MC15,Marais,MC,0b,1200,2,1200,18,2
MD1,Marais,MD,3b,21,2,635,18,3
MD2,Marais,MD,3b,1200,2,914,18,2
MD3,Marais,MD,3b,1200,2,1200,18,2
MD4,Marais,MD,3b,1200,2,1200,18,2
MD5,Marais,MD,3b,21,2,573,18,3
MD6,Marais,MD,5b,1200,2,1063,18,2
MD7,Marais,MD,5b,1200,2,1200,18,2
MD8,Marais,MD,5b,23,2,1027,18,3
MD9,Marais,MD,5b,1200,2,967,18,2
MD10,Marais,MD,5b,15,2,695,18,3
MD11,Marais,MD,0b,5,2,683,18,3
MD12,Marais,MD,0b,7,2,1200,18,3
MD13,Marais,MD,0b,7,2,552,18,3
MD14,Marais,MD,0b,6,2,969,18,3
MD15,Marais,MD,0b,11,2,1025,18,3
ME1,Marais,ME,3b,11,2,704,18,2
ME2,Marais,ME,3b,41,2,842,18,2
ME3,Marais,ME,3b,23,2,1200,18,2
ME4,Marais,ME,3b,12,2,1200,18,2
ME5,Marais,ME,3b,3,2,1004,18,2
ME6,Marais,ME,5b,7,2,569,18,2
ME7,Marais,ME,5b,30,2,1200,18,2
ME8,Marais,ME,5b,5,2,1200,18,2
ME9,Marais,ME,5b,21,2,623,18,2
ME10,Marais,ME,5b,9,2,863,18,2
ME11,Marais,ME,0b,6,2,599,18,2
ME12,Marais,ME,0b,6,2,784,18,2
ME13,Marais,ME,0b,22,2,1200,18,2
ME14,Marais,ME,0b,9,2,1200,18,2
ME15,Marais,ME,0b,8,2,649,18,2
MF1,Marais,MF,3b,24,2,596,18,2
MF2,Marais,MF,3b,9,2,651,18,2
MF3,Marais,MF,3b,5,2,1200,18,2
MF4,Marais,MF,3b,12,2,640,18,2
MF5,Marais,MF,3b,8,2,1200,18,2
MF6,Marais,MF,5b,14,2,997,18,2
MF7,Marais,MF,5b,9,2,700,18,2
MF8,Marais,MF,5b,9,2,1200,18,2
MF9,Marais,MF,5b,21,2,1200,18,2
MF10,Marais,MF,5b,7,2,1123,18,2
MF11,Marais,MF,0b,3,2,686,18,2
MF12,Marais,MF,0b,16,2,950,18,2
MF13,Marais,MF,0b,31,2,976,18,2
MF14,Marais,MF,0b,32,2,1200,18,2
MF15,Marais,MF,0b,10,2,1200,18,2
MG1,Marais,MG,3b,19,2,627,18,2
MG2,Marais,MG,3b,7,2,763,18,2
MG3,Marais,MG,3b,17,2,1200,18,2
MG4,Marais,MG,3b,7,2,650,18,2
MG5,Marais,MG,3b,7,2,643,18,2
MG6,Marais,MG,5b,5,2,748,18,2
MG7,Marais,MG,5b,106,2,950,18,2
MG8,Marais,MG,5b,22,2,1098,18,2
MG9,Marais,MG,5b,11,2,977,18,2
MG10,Marais,MG,5b,10,2,720,18,2
MG11,Marais,MG,0b,19,2,714,18,2
MG12,Marais,MG,0b,17,2,1200,18,2
MG13,Marais,MG,0b,9,2,981,18,2
MG14,Marais,MG,0b,13,2,1159,18,2
MG15,Marais,MG,0b,20,2,607,18,2
MH1,Marais,MH,3b,9,2,1200,18,2
MH2,Marais,MH,3b,50,2,581,18,2
MH3,Marais,MH,3b,19,2,1166,18,2
MH4,Marais,MH,3b,5,2,1118,18,2
MH5,Marais,MH,3b,6,2,557,18,2
MH6,Marais,MH,5b,77,2,584,18,2
MH7,Marais,MH,5b,44,2,1200,18,2
MH8,Marais,MH,5b,35,2,1200,18,2
MH9,Marais,MH,5b,9,2,975,18,2
MH10,Marais,MH,5b,26,2,728,18,2
MH11,Marais,MH,0b,7,2,862,18,2
MH12,Marais,MH,0b,40,2,677,18,2
MH13,Marais,MH,0b,6,2,792,18,2
MH14,Marais,MH,0b,8,2,852,18,2
MH15,Marais,MH,0b,12,2,1200,18,2
MI1,Marais,MI,3b,18,2,1155,18,3
MI2,Marais,MI,3b,7,2,859,18,3
MI3,Marais,MI,3b,8,2,686,18,3
MI4,Marais,MI,3b,7,2,701,18,3
MI5,Marais,MI,3b,16,2,728,18,3
MI6,Marais,MI,5b,56,2,837,18,3
MI7,Marais,MI,5b,26,2,1200,18,3
MI8,Marais,MI,5b,7,2,720,18,3
MI9,Marais,MI,5b,14,2,732,18,3
MI10,Marais,MI,5b,11,2,1051,18,3
MI11,Marais,MI,0b,10,2,1200,18,3
MI12,Marais,MI,0b,20,2,555,18,3
MI13,Marais,MI,0b,15,2,689,18,3
MI14,Marais,MI,0b,10,2,1027,18,3
MI15,Marais,MI,0b,9,2,1098,18,3
MJ1,Marais,MJ,3b,8,2,837,18,3
MJ2,Marais,MJ,3b,10,2,802,18,3
MJ3,Marais,MJ,3b,6,2,773,18,3
MJ4,Marais,MJ,3b,18,2,1026,18,3
MJ5,Marais,MJ,3b,9,2,687,18,3
MJ6,Marais,MJ,5b,31,2,1166,18,3
MJ7,Marais,MJ,5b,20,2,954,18,3
MJ8,Marais,MJ,5b,20,2,852,18,3
MJ9,Marais,MJ,5b,32,2,895,18,3
MJ10,Marais,MJ,5b,11,2,1200,18,3
MJ11,Marais,MJ,0b,7,2,1200,18,3
MJ12,Marais,MJ,0b,32,2,1200,18,3
MJ13,Marais,MJ,0b,14,2,1071,18,3
MJ14,Marais,MJ,0b,27,2,947,18,3
MJ15,Marais,MJ,0b,19,2,716,18,3
MK1,Marais,MK,3b,41,2,1200,18,3
MK2,Marais,MK,3b,3,2,966,18,3
MK3,Marais,MK,3b,14,2,1107,18,3
MK4,Marais,MK,3b,9,2,887,18,3
MK5,Marais,MK,3b,20,2,604,18,3
MK6,Marais,MK,5b,9,2,1200,18,3
MK7,Marais,MK,5b,162,2,1200,18,3
MK8,Marais,MK,5b,96,2,1200,18,3
MK9,Marais,MK,5b,10,2,1086,18,3
MK10,Marais,MK,5b,9,2,1026,18,3
MK11,Marais,MK,0b,71,2,684,18,3
MK12,Marais,MK,0b,5,2,881,18,3
MK13,Marais,MK,0b,11,2,1026,18,3
MK14,Marais,MK,0b,21,2,888,18,3
MK15,Marais,MK,0b,25,2,694,18,3
ML1,Marais,ML,3b,7,2,1200,18,3
ML2,Marais,ML,3b,22,2,588,18,3
ML3,Marais,ML,3b,36,2,1200,18,3
ML4,Marais,ML,3b,7,2,1158,18,3
ML5,Marais,ML,3b,32,2,1058,18,3
ML6,Marais,ML,5b,15,2,1004,18,3
ML7,Marais,ML,5b,15,2,1200,18,3
ML8,Marais,ML,5b,40,2,885,18,3
ML9,Marais,ML,5b,23,2,1009,18,3
ML10,Marais,ML,5b,14,2,537,18,3
ML11,Marais,ML,0b,170,2,1200,18,3
ML12,Marais,ML,0b,7,2,1200,18,3
ML13,Marais,ML,0b,4,2,1200,18,3
ML14,Marais,ML,0b,18,2,1081,18,3
ML15,Marais,ML,0b,11,2,770,18,3
GA1,Garenne,GA,3b,NA,3,588,22,3
GA2,Garenne,GA,3b,NA,3,531,22,3
GA3,Garenne,GA,3b,NA,3,743,22,3
GA4,Garenne,GA,3b,NA,3,622,22,3
GA5,Garenne,GA,3b,NA,3,577,22,3
GA6,Garenne,GA,5b,NA,3,622,22,3
GA7,Garenne,GA,5b,NA,3,485,22,3
GA8,Garenne,GA,5b,NA,3,445,22,3
GA9,Garenne,GA,5b,NA,3,574,22,3
GA10,Garenne,GA,5b,NA,3,464,22,3
GA11,Garenne,GA,0b,NA,3,528,22,3
GA12,Garenne,GA,0b,NA,3,712,22,3
GA13,Garenne,GA,0b,NA,3,516,22,3
GA14,Garenne,GA,0b,NA,3,529,22,3
GA15,Garenne,GA,0b,NA,3,581,22,3
GB1,Garenne,GB,3b,NA,3,1200,22,3
GB2,Garenne,GB,3b,NA,3,638,22,3
GB3,Garenne,GB,3b,NA,3,651,22,3
GB4,Garenne,GB,3b,NA,3,846,22,3
GB5,Garenne,GB,3b,NA,3,545,22,3
GB6,Garenne,GB,5b,NA,3,445,22,3
GB7,Garenne,GB,5b,NA,3,778,22,3
GB8,Garenne,GB,5b,NA,3,483,22,3
GB9,Garenne,GB,5b,NA,3,581,22,3
GB10,Garenne,GB,5b,NA,3,809,22,3
GB11,Garenne,GB,0b,NA,3,580,22,3
GB12,Garenne,GB,0b,NA,3,529,22,3
GB13,Garenne,GB,0b,NA,3,658,22,3
GB14,Garenne,GB,0b,NA,3,617,22,3
GB15,Garenne,GB,0b,NA,3,661,22,3
GC1,Garenne,GC,3b,NA,3,635,22,2
GC2,Garenne,GC,3b,NA,3,657,22,2
GC3,Garenne,GC,3b,NA,3,1110,22,2
GC4,Garenne,GC,3b,NA,3,1200,22,2
GC5,Garenne,GC,3b,NA,3,585,22,2
GC6,Garenne,GC,5b,NA,3,656,22,2
GC7,Garenne,GC,5b,NA,3,514,22,2
GC8,Garenne,GC,5b,NA,3,633,22,2
GC9,Garenne,GC,5b,NA,3,380,22,3
GC10,Garenne,GC,5b,NA,3,480,22,2
GC11,Garenne,GC,0b,NA,3,629,22,2
GC12,Garenne,GC,0b,NA,3,584,22,2
GC13,Garenne,GC,0b,NA,3,728,22,2
GC14,Garenne,GC,0b,NA,3,771,22,2
GC15,Garenne,GC,0b,NA,3,1200,22,2
GD1,Garenne,GD,3b,NA,3,1124,22,2
GD2,Garenne,GD,3b,NA,3,731,22,2
GD3,Garenne,GD,3b,NA,3,828,22,2
GD4,Garenne,GD,3b,NA,3,1200,22,2
GD5,Garenne,GD,3b,NA,3,444,22,3
GD6,Garenne,GD,5b,NA,3,614,22,2
GD7,Garenne,GD,5b,NA,3,508,22,2
GD8,Garenne,GD,5b,NA,3,1200,22,2
GD9,Garenne,GD,5b,NA,3,516,22,2
GD10,Garenne,GD,5b,NA,3,844,22,2
GD11,Garenne,GD,0b,NA,3,486,22,2
GD12,Garenne,GD,0b,NA,3,750,22,2
GD13,Garenne,GD,0b,NA,3,685,22,2
GD14,Garenne,GD,0b,NA,3,698,22,2
GD15,Garenne,GD,0b,NA,3,1148,22,2
GE1,Garenne,GE,3b,NA,3,302,22,3
GE2,Garenne,GE,3b,NA,3,530,22,3
GE3,Garenne,GE,3b,NA,3,1200,22,3
GE4,Garenne,GE,3b,NA,3,1200,22,3
GE5,Garenne,GE,3b,NA,3,740,22,3
GE6,Garenne,GE,5b,NA,3,580,22,3
GE7,Garenne,GE,5b,NA,3,590,22,3
GE8,Garenne,GE,5b,NA,3,660,22,3
GE9,Garenne,GE,5b,NA,3,490,22,3
GE10,Garenne,GE,5b,NA,3,1200,22,3
GE11,Garenne,GE,0b,NA,3,695,22,3
GE12,Garenne,GE,0b,NA,3,420,22,3
GE13,Garenne,GE,0b,NA,3,740,22,3
GE14,Garenne,GE,0b,NA,3,900,22,3
GE15,Garenne,GE,0b,NA,3,520,22,3
GF1,Garenne,GF,3b,NA,3,1200,22,3
GF2,Garenne,GF,3b,NA,3,728,22,3
GF3,Garenne,GF,3b,NA,3,590,22,3
GF4,Garenne,GF,3b,NA,3,600,22,3
GF5,Garenne,GF,3b,NA,3,1200,22,3
GF6,Garenne,GF,5b,NA,3,1200,22,3
GF7,Garenne,GF,5b,NA,3,590,22,3
GF8,Garenne,GF,5b,NA,3,1020,22,3
GF9,Garenne,GF,5b,NA,3,450,22,3
GF10,Garenne,GF,5b,NA,3,660,22,3
GF11,Garenne,GF,0b,NA,3,590,22,3
GF12,Garenne,GF,0b,NA,3,606,22,3
GF13,Garenne,GF,0b,NA,3,480,22,3
GF14,Garenne,GF,0b,NA,3,850,22,3
GF15,Garenne,GF,0b,NA,3,609,22,3
GG1,Garenne,GG,3b,NA,3,1070,22,3
GG2,Garenne,GG,3b,NA,3,690,22,3
GG3,Garenne,GG,3b,NA,3,521,22,3
GG4,Garenne,GG,3b,NA,3,530,22,3
GG5,Garenne,GG,3b,NA,3,590,22,3
GG6,Garenne,GG,5b,NA,3,700,22,3
GG7,Garenne,GG,5b,NA,3,610,22,3
GG8,Garenne,GG,5b,NA,3,760,22,3
GG9,Garenne,GG,5b,NA,3,870,22,3
GG10,Garenne,GG,5b,NA,3,1200,22,3
GG11,Garenne,GG,0b,NA,3,880,22,3
GG12,Garenne,GG,0b,NA,3,427,22,3
GG13,Garenne,GG,0b,NA,3,1200,22,3
GG14,Garenne,GG,0b,NA,3,1200,22,3
GG15,Garenne,GG,0b,NA,3,460,22,3
GH1,Garenne,GH,3b,NA,3,760,22,3
GH2,Garenne,GH,3b,NA,3,781,22,3
GH3,Garenne,GH,3b,NA,3,760,22,3
GH4,Garenne,GH,3b,NA,3,790,22,3
GH5,Garenne,GH,3b,NA,3,470,22,3
GH6,Garenne,GH,5b,NA,3,910,22,3
GH7,Garenne,GH,5b,NA,3,1200,22,3
GH8,Garenne,GH,5b,NA,3,420,22,3
GH9,Garenne,GH,5b,NA,3,780,22,3
GH10,Garenne,GH,5b,NA,3,1200,22,3
GH11,Garenne,GH,0b,NA,3,940,22,3
GH12,Garenne,GH,0b,NA,3,500,22,3
GH13,Garenne,GH,0b,NA,3,590,22,3
GH14,Garenne,GH,0b,NA,3,1090,22,3
GH15,Garenne,GH,0b,NA,3,500,22,3
GI1,Garenne,GI,3b,NA,3,800,22,2
GI2,Garenne,GI,3b,NA,3,494,22,2
GI3,Garenne,GI,3b,NA,3,580,22,2
GI4,Garenne,GI,3b,NA,3,600,22,2
GI5,Garenne,GI,3b,NA,3,610,22,2
GI6,Garenne,GI,5b,NA,3,490,22,2
GI7,Garenne,GI,5b,NA,3,1200,22,2
GI8,Garenne,GI,5b,NA,3,670,22,2
GI9,Garenne,GI,5b,NA,3,730,22,2
GI10,Garenne,GI,5b,NA,3,1200,22,2
GI11,Garenne,GI,0b,NA,3,598,22,2
GI12,Garenne,GI,0b,NA,3,1050,22,2
GI13,Garenne,GI,0b,NA,3,550,22,2
GI14,Garenne,GI,0b,NA,3,380,22,2
GI15,Garenne,GI,0b,NA,3,600,22,2
GJ1,Garenne,GJ,3b,NA,3,698,22,2
GJ2,Garenne,GJ,3b,NA,3,580,22,2
GJ3,Garenne,GJ,3b,NA,3,490,22,2
GJ4,Garenne,GJ,3b,NA,3,410,22,2
GJ5,Garenne,GJ,3b,NA,3,600,22,2
GJ6,Garenne,GJ,5b,NA,3,980,22,2
GJ7,Garenne,GJ,5b,NA,3,560,22,2
GJ8,Garenne,GJ,5b,NA,3,920,22,2
GJ9,Garenne,GJ,5b,NA,3,550,22,2
GJ10,Garenne,GJ,5b,NA,3,760,22,2
GJ11,Garenne,GJ,0b,NA,3,900,22,2
GJ12,Garenne,GJ,0b,NA,3,990,22,2
GJ13,Garenne,GJ,0b,NA,3,620,22,2
GJ14,Garenne,GJ,0b,NA,3,480,22,2
GJ15,Garenne,GJ,0b,NA,3,400,22,2
GK1,Garenne,GK,3b,NA,3,656,22,2
GK2,Garenne,GK,3b,NA,3,430,22,2
GK3,Garenne,GK,3b,NA,3,630,22,2
GK4,Garenne,GK,3b,NA,3,520,22,2
GK5,Garenne,GK,3b,NA,3,530,22,2
GK6,Garenne,GK,5b,NA,3,510,22,2
GK7,Garenne,GK,5b,NA,3,930,22,2
GK8,Garenne,GK,5b,NA,3,970,22,2
GK9,Garenne,GK,5b,NA,3,630,22,2
GK10,Garenne,GK,5b,NA,3,700,22,2
GK11,Garenne,GK,0b,NA,3,473,22,2
GK12,Garenne,GK,0b,NA,3,720,22,2
GK13,Garenne,GK,0b,NA,3,480,22,2
GK14,Garenne,GK,0b,NA,3,570,22,2
GK15,Garenne,GK,0b,NA,3,1070,22,2
GL1,Garenne,GL,3b,NA,3,667,22,2
GL2,Garenne,GL,3b,NA,3,640,22,2
GL3,Garenne,GL,3b,NA,3,790,22,2
GL4,Garenne,GL,3b,NA,3,750,22,2
GL5,Garenne,GL,3b,NA,3,720,22,2
GL6,Garenne,GL,5b,NA,3,465,22,2
GL7,Garenne,GL,5b,NA,3,610,22,2
GL8,Garenne,GL,5b,NA,3,700,22,2
GL9,Garenne,GL,5b,NA,3,500,22,2
GL10,Garenne,GL,5b,NA,3,1200,22,2
GL11,Garenne,GL,0b,NA,3,680,22,2
GL12,Garenne,GL,0b,NA,3,730,22,2
GL13,Garenne,GL,0b,NA,3,1200,22,2
GL14,Garenne,GL,0b,NA,3,710,22,2
GL15,Garenne,GL,0b,NA,3,870,22,2
MA1,Marais,MA,3b,NA,3,984,22,3
MA2,Marais,MA,3b,NA,3,698,22,3
MA3,Marais,MA,3b,NA,3,691,22,3
MA4,Marais,MA,3b,NA,3,609,22,3
MA5,Marais,MA,3b,NA,3,1088,22,3
MA6,Marais,MA,5b,NA,3,1116,22,3
MA7,Marais,MA,5b,NA,3,634,22,3
MA8,Marais,MA,5b,NA,3,1200,22,3
MA9,Marais,MA,5b,NA,3,561,22,3
MA10,Marais,MA,5b,NA,3,598,22,3
MA11,Marais,MA,0b,NA,3,532,22,3
MA12,Marais,MA,0b,NA,3,1200,22,3
MA13,Marais,MA,0b,NA,3,655,22,3
MA14,Marais,MA,0b,NA,3,824,22,3
MA15,Marais,MA,0b,NA,3,954,22,3
MB1,Marais,MB,3b,NA,3,566,22,3
MB2,Marais,MB,3b,NA,3,751,22,3
MB3,Marais,MB,3b,NA,3,544,22,3
MB4,Marais,MB,3b,NA,3,452,22,3
MB5,Marais,MB,3b,NA,3,1200,22,3
MB6,Marais,MB,5b,NA,3,555,22,3
MB7,Marais,MB,5b,NA,3,659,22,3
MB8,Marais,MB,5b,NA,3,585,22,3
MB9,Marais,MB,5b,NA,3,414,22,3
MB10,Marais,MB,5b,NA,3,751,22,3
MB11,Marais,MB,0b,NA,3,1200,22,3
MB12,Marais,MB,0b,NA,3,490,22,3
MB13,Marais,MB,0b,NA,3,519,22,3
MB14,Marais,MB,0b,NA,3,586,22,3
MB15,Marais,MB,0b,NA,3,607,22,3
MC1,Marais,MC,3b,NA,3,703,22,2
MC2,Marais,MC,3b,NA,3,488,22,3
MC3,Marais,MC,3b,NA,3,576,22,3
MC4,Marais,MC,3b,NA,3,864,22,2
MC5,Marais,MC,3b,NA,3,1200,22,2
MC6,Marais,MC,5b,NA,3,1200,22,2
MC7,Marais,MC,5b,NA,3,890,22,2
MC8,Marais,MC,5b,NA,3,795,22,2
MC9,Marais,MC,5b,NA,3,505,22,2
MC10,Marais,MC,5b,NA,3,838,22,2
MC11,Marais,MC,0b,NA,3,770,22,2
MC12,Marais,MC,0b,NA,3,590,22,2
MC13,Marais,MC,0b,NA,3,688,22,2
MC14,Marais,MC,0b,NA,3,1200,22,2
MC15,Marais,MC,0b,NA,3,739,22,3
MD1,Marais,MD,3b,NA,3,769,22,2
MD2,Marais,MD,3b,NA,3,566,22,3
MD3,Marais,MD,3b,NA,3,1054,22,3
MD4,Marais,MD,3b,NA,3,974,22,3
MD5,Marais,MD,3b,NA,3,725,22,2
MD6,Marais,MD,5b,NA,3,1120,22,3
MD7,Marais,MD,5b,NA,3,680,22,3
MD8,Marais,MD,5b,NA,3,1131,22,2
MD9,Marais,MD,5b,NA,3,587,22,3
MD10,Marais,MD,5b,NA,3,759,22,2
MD11,Marais,MD,0b,NA,3,856,22,2
MD12,Marais,MD,0b,NA,3,510,22,2
MD13,Marais,MD,0b,NA,3,563,22,2
MD14,Marais,MD,0b,NA,3,534,22,2
MD15,Marais,MD,0b,NA,3,1200,22,2
ME1,Marais,ME,3b,NA,3,528,22,3
ME2,Marais,ME,3b,NA,3,607,22,3
ME3,Marais,ME,3b,NA,3,543,22,3
ME4,Marais,ME,3b,NA,3,755,22,3
ME5,Marais,ME,3b,NA,3,637,22,3
ME6,Marais,ME,5b,NA,3,729,22,3
ME7,Marais,ME,5b,NA,3,738,22,3
ME8,Marais,ME,5b,NA,3,748,22,3
ME9,Marais,ME,5b,NA,3,682,22,3
ME10,Marais,ME,5b,NA,3,566,22,3
ME11,Marais,ME,0b,NA,3,419,22,3
ME12,Marais,ME,0b,NA,3,602,22,3
ME13,Marais,ME,0b,NA,3,437,22,3
ME14,Marais,ME,0b,NA,3,597,22,3
ME15,Marais,ME,0b,NA,3,548,22,3
MF1,Marais,MF,3b,NA,3,557,22,3
MF2,Marais,MF,3b,NA,3,597,22,3
MF3,Marais,MF,3b,NA,3,614,22,3
MF4,Marais,MF,3b,NA,3,472,22,3
MF5,Marais,MF,3b,NA,3,581,22,3
MF6,Marais,MF,5b,NA,3,543,22,3
MF7,Marais,MF,5b,NA,3,435,22,3
MF8,Marais,MF,5b,NA,3,569,22,3
MF9,Marais,MF,5b,NA,3,1200,22,3
MF10,Marais,MF,5b,NA,3,678,22,3
MF11,Marais,MF,0b,NA,3,476,22,3
MF12,Marais,MF,0b,NA,3,523,22,3
MF13,Marais,MF,0b,NA,3,518,22,3
MF14,Marais,MF,0b,NA,3,461,22,3
MF15,Marais,MF,0b,NA,3,1147,22,3
MG1,Marais,MG,3b,NA,3,611,22,3
MG2,Marais,MG,3b,NA,3,565,22,3
MG3,Marais,MG,3b,NA,3,656,22,3
MG4,Marais,MG,3b,NA,3,590,22,3
MG5,Marais,MG,3b,NA,3,660,22,3
MG6,Marais,MG,5b,NA,3,630,22,3
MG7,Marais,MG,5b,NA,3,590,22,3
MG8,Marais,MG,5b,NA,3,1010,22,3
MG9,Marais,MG,5b,NA,3,950,22,3
MG10,Marais,MG,5b,NA,3,550,22,3
MG11,Marais,MG,0b,NA,3,760,22,3
MG12,Marais,MG,0b,NA,3,677,22,3
MG13,Marais,MG,0b,NA,3,850,22,3
MG14,Marais,MG,0b,NA,3,770,22,3
MG15,Marais,MG,0b,NA,3,500,22,3
MH1,Marais,MH,3b,NA,3,568,22,3
MH2,Marais,MH,3b,NA,3,590,22,3
MH3,Marais,MH,3b,NA,3,610,22,3
MH4,Marais,MH,3b,NA,3,1060,22,3
MH5,Marais,MH,3b,NA,3,680,22,3
MH6,Marais,MH,5b,NA,3,860,22,3
MH7,Marais,MH,5b,NA,3,870,22,3
MH8,Marais,MH,5b,NA,3,1200,22,3
MH9,Marais,MH,5b,NA,3,530,22,3
MH10,Marais,MH,5b,NA,3,940,22,3
MH11,Marais,MH,0b,NA,3,620,22,3
MH12,Marais,MH,0b,NA,3,720,22,3
MH13,Marais,MH,0b,NA,3,470,22,3
MH14,Marais,MH,0b,NA,3,640,22,3
MH15,Marais,MH,0b,NA,3,440,22,3
MI1,Marais,MI,3b,NA,3,1200,22,2
MI2,Marais,MI,3b,NA,3,570,22,2
MI3,Marais,MI,3b,NA,3,490,22,2
MI4,Marais,MI,3b,NA,3,820,22,2
MI5,Marais,MI,3b,NA,3,730,22,2
MI6,Marais,MI,5b,NA,3,870,22,2
MI7,Marais,MI,5b,NA,3,570,22,2
MI8,Marais,MI,5b,NA,3,660,22,2
MI9,Marais,MI,5b,NA,3,1030,22,2
MI10,Marais,MI,5b,NA,3,790,22,2
MI11,Marais,MI,0b,NA,3,837,22,2
MI12,Marais,MI,0b,NA,3,700,22,2
MI13,Marais,MI,0b,NA,3,450,22,2
MI14,Marais,MI,0b,NA,3,660,22,2
MI15,Marais,MI,0b,NA,3,650,22,2
MJ1,Marais,MJ,3b,NA,3,541,22,2
MJ2,Marais,MJ,3b,NA,3,690,22,2
MJ3,Marais,MJ,3b,NA,3,610,22,2
MJ4,Marais,MJ,3b,NA,3,580,22,2
MJ5,Marais,MJ,3b,NA,3,770,22,2
MJ6,Marais,MJ,5b,NA,3,1200,22,2
MJ7,Marais,MJ,5b,NA,3,530,22,2
MJ8,Marais,MJ,5b,NA,3,1200,22,2
MJ9,Marais,MJ,5b,NA,3,1050,22,2
MJ10,Marais,MJ,5b,NA,3,1200,22,2
MJ11,Marais,MJ,0b,NA,3,970,22,2
MJ12,Marais,MJ,0b,NA,3,380,22,2
MJ13,Marais,MJ,0b,NA,3,690,22,2
MJ14,Marais,MJ,0b,NA,3,820,22,2
MJ15,Marais,MJ,0b,NA,3,610,22,2
MK1,Marais,MK,3b,NA,3,527,22,2
MK2,Marais,MK,3b,NA,3,600,22,2
MK3,Marais,MK,3b,NA,3,920,22,2
MK4,Marais,MK,3b,NA,3,620,22,2
MK5,Marais,MK,3b,NA,3,560,22,2
MK6,Marais,MK,5b,NA,3,900,22,2
MK7,Marais,MK,5b,NA,3,1200,22,2
MK8,Marais,MK,5b,NA,3,1200,22,2
MK9,Marais,MK,5b,NA,3,800,22,2
MK10,Marais,MK,5b,NA,3,620,22,2
MK11,Marais,MK,0b,NA,3,780,22,2
MK12,Marais,MK,0b,NA,3,1200,22,2
MK13,Marais,MK,0b,NA,3,450,22,2
MK14,Marais,MK,0b,NA,3,570,22,2
MK15,Marais,MK,0b,NA,3,470,22,2
ML1,Marais,ML,3b,NA,3,926,22,2
ML2,Marais,ML,3b,NA,3,500,22,2
ML3,Marais,ML,3b,NA,3,630,22,2
ML4,Marais,ML,3b,NA,3,1200,22,2
ML5,Marais,ML,3b,NA,3,760,22,2
ML6,Marais,ML,5b,NA,3,670,22,2
ML7,Marais,ML,5b,NA,3,590,22,2
ML8,Marais,ML,5b,NA,3,540,22,2
ML9,Marais,ML,5b,NA,3,640,22,2
ML10,Marais,ML,5b,NA,3,640,22,2
ML11,Marais,ML,0b,NA,3,620,22,2
ML12,Marais,ML,0b,NA,3,1090,22,2
ML13,Marais,ML,0b,NA,3,790,22,2
ML14,Marais,ML,0b,NA,3,560,22,2
ML15,Marais,ML,0b,NA,3,486,22,2
GA1,Garenne,GA,3b,NA,4,464,25,4
GA2,Garenne,GA,3b,NA,4,475,25,4
GA3,Garenne,GA,3b,NA,4,763,25,4
GA4,Garenne,GA,3b,NA,4,720,25,4
GA5,Garenne,GA,3b,NA,4,517,25,4
GA6,Garenne,GA,5b,NA,4,650,25,4
GA7,Garenne,GA,5b,NA,4,617,25,4
GA8,Garenne,GA,5b,NA,4,791,25,4
GA9,Garenne,GA,5b,NA,4,616,25,4
GA10,Garenne,GA,5b,NA,4,774,25,4
GA11,Garenne,GA,0b,NA,4,625,25,4
GA12,Garenne,GA,0b,NA,4,578,25,4
GA13,Garenne,GA,0b,NA,4,932,25,4
GA14,Garenne,GA,0b,NA,4,392,25,4
GA15,Garenne,GA,0b,NA,4,515,25,4
GB1,Garenne,GB,3b,NA,4,1200,25,4
GB2,Garenne,GB,3b,NA,4,786,25,4
GB3,Garenne,GB,3b,NA,4,1200,25,4
GB4,Garenne,GB,3b,NA,4,476,25,4
GB5,Garenne,GB,3b,NA,4,1004,25,4
GB6,Garenne,GB,5b,NA,4,716,25,4
GB7,Garenne,GB,5b,NA,4,1200,25,4
GB8,Garenne,GB,5b,NA,4,479,25,4
GB9,Garenne,GB,5b,NA,4,783,25,4
GB10,Garenne,GB,5b,NA,4,818,25,4
GB11,Garenne,GB,0b,NA,4,674,25,4
GB12,Garenne,GB,0b,NA,4,1123,25,4
GB13,Garenne,GB,0b,NA,4,1053,25,4
GB14,Garenne,GB,0b,NA,4,669,25,4
GB15,Garenne,GB,0b,NA,4,906,25,4
GC1,Garenne,GC,3b,NA,4,629,25,1
GC2,Garenne,GC,3b,NA,4,402,25,1
GC3,Garenne,GC,3b,NA,4,1200,25,1
GC4,Garenne,GC,3b,NA,4,1200,25,1
GC5,Garenne,GC,3b,NA,4,582,25,1
GC6,Garenne,GC,5b,NA,4,589,25,1
GC7,Garenne,GC,5b,NA,4,487,25,1
GC8,Garenne,GC,5b,NA,4,593,25,1
GC9,Garenne,GC,5b,NA,4,405,25,4
GC10,Garenne,GC,5b,NA,4,476,25,1
GC11,Garenne,GC,0b,NA,4,724,25,1
GC12,Garenne,GC,0b,NA,4,493,25,1
GC13,Garenne,GC,0b,NA,4,1200,25,1
GC14,Garenne,GC,0b,NA,4,920,25,1
GC15,Garenne,GC,0b,NA,4,631,25,1
GD1,Garenne,GD,3b,NA,4,740,25,1
GD2,Garenne,GD,3b,NA,4,476,25,1
GD3,Garenne,GD,3b,NA,4,482,25,1
GD4,Garenne,GD,3b,NA,4,1200,25,1
GD5,Garenne,GD,3b,NA,4,496,25,4
GD6,Garenne,GD,5b,NA,4,1200,25,1
GD7,Garenne,GD,5b,NA,4,632,25,1
GD8,Garenne,GD,5b,NA,4,656,25,1
GD9,Garenne,GD,5b,NA,4,747,25,1
GD10,Garenne,GD,5b,NA,4,597,25,1
GD11,Garenne,GD,0b,NA,4,502,25,1
GD12,Garenne,GD,0b,NA,4,532,25,1
GD13,Garenne,GD,0b,NA,4,667,25,1
GD14,Garenne,GD,0b,NA,4,473,25,1
GD15,Garenne,GD,0b,NA,4,840,25,1
GE1,Garenne,GE,3b,NA,4,561,25,4
GE2,Garenne,GE,3b,NA,4,697,25,4
GE3,Garenne,GE,3b,NA,4,1200,25,4
GE4,Garenne,GE,3b,NA,4,954,25,4
GE5,Garenne,GE,3b,NA,4,860,25,4
GE6,Garenne,GE,5b,NA,4,700,25,4
GE7,Garenne,GE,5b,NA,4,510,25,4
GE8,Garenne,GE,5b,NA,4,1200,25,4
GE9,Garenne,GE,5b,NA,4,741,25,4
GE10,Garenne,GE,5b,NA,4,330,25,4
GE11,Garenne,GE,0b,NA,4,700,25,4
GE12,Garenne,GE,0b,NA,4,679,25,4
GE13,Garenne,GE,0b,NA,4,555,25,4
GE14,Garenne,GE,0b,NA,4,820,25,4
GE15,Garenne,GE,0b,NA,4,759,25,4
GF1,Garenne,GF,3b,NA,4,490,25,4
GF2,Garenne,GF,3b,NA,4,880,25,4
GF3,Garenne,GF,3b,NA,4,510,25,4
GF4,Garenne,GF,3b,NA,4,381,25,4
GF5,Garenne,GF,3b,NA,4,730,25,4
GF6,Garenne,GF,5b,NA,4,1188,25,4
GF7,Garenne,GF,5b,NA,4,660,25,4
GF8,Garenne,GF,5b,NA,4,810,25,4
GF9,Garenne,GF,5b,NA,4,560,25,4
GF10,Garenne,GF,5b,NA,4,815,25,4
GF11,Garenne,GF,0b,NA,4,532,25,4
GF12,Garenne,GF,0b,NA,4,635,25,4
GF13,Garenne,GF,0b,NA,4,490,25,4
GF14,Garenne,GF,0b,NA,4,550,25,4
GF15,Garenne,GF,0b,NA,4,703,25,4
GG1,Garenne,GG,3b,NA,4,1200,25,4
GG2,Garenne,GG,3b,NA,4,746,25,4
GG3,Garenne,GG,3b,NA,4,1200,25,4
GG4,Garenne,GG,3b,NA,4,650,25,4
GG5,Garenne,GG,3b,NA,4,982,25,4
GG6,Garenne,GG,5b,NA,4,468,25,4
GG7,Garenne,GG,5b,NA,4,570,25,4
GG8,Garenne,GG,5b,NA,4,460,25,4
GG9,Garenne,GG,5b,NA,4,640,25,4
GG10,Garenne,GG,5b,NA,4,660,25,4
GG11,Garenne,GG,0b,NA,4,1200,25,4
GG12,Garenne,GG,0b,NA,4,776,25,4
GG13,Garenne,GG,0b,NA,4,690,25,4
GG14,Garenne,GG,0b,NA,4,470,25,4
GG15,Garenne,GG,0b,NA,4,500,25,4
GH1,Garenne,GH,3b,NA,4,1200,25,4
GH2,Garenne,GH,3b,NA,4,1160,25,4
GH3,Garenne,GH,3b,NA,4,793,25,4
GH4,Garenne,GH,3b,NA,4,690,25,4
GH5,Garenne,GH,3b,NA,4,600,25,4
GH6,Garenne,GH,5b,NA,4,1200,25,4
GH7,Garenne,GH,5b,NA,4,1200,25,4
GH8,Garenne,GH,5b,NA,4,458,25,4
GH9,Garenne,GH,5b,NA,4,740,25,4
GH10,Garenne,GH,5b,NA,4,1200,25,4
GH11,Garenne,GH,0b,NA,4,440,25,4
GH12,Garenne,GH,0b,NA,4,1138,25,4
GH13,Garenne,GH,0b,NA,4,704,25,4
GH14,Garenne,GH,0b,NA,4,570,25,4
GH15,Garenne,GH,0b,NA,4,410,25,4
GI1,Garenne,GI,3b,NA,4,614,25,1
GI2,Garenne,GI,3b,NA,4,474,25,1
GI3,Garenne,GI,3b,NA,4,808,25,1
GI4,Garenne,GI,3b,NA,4,791,25,1
GI5,Garenne,GI,3b,NA,4,676,25,1
GI6,Garenne,GI,5b,NA,4,617,25,1
GI7,Garenne,GI,5b,NA,4,575,25,1
GI8,Garenne,GI,5b,NA,4,559,25,1
GI9,Garenne,GI,5b,NA,4,600,25,1
GI10,Garenne,GI,5b,NA,4,945,25,1
GI11,Garenne,GI,0b,NA,4,489,25,1
GI12,Garenne,GI,0b,NA,4,530,25,1
GI13,Garenne,GI,0b,NA,4,727,25,1
GI14,Garenne,GI,0b,NA,4,383,25,1
GI15,Garenne,GI,0b,NA,4,375,25,1
GJ1,Garenne,GJ,3b,NA,4,635,25,1
GJ2,Garenne,GJ,3b,NA,4,603,25,1
GJ3,Garenne,GJ,3b,NA,4,512,25,1
GJ4,Garenne,GJ,3b,NA,4,537,25,1
GJ5,Garenne,GJ,3b,NA,4,506,25,1
GJ6,Garenne,GJ,5b,NA,4,691,25,1
GJ7,Garenne,GJ,5b,NA,4,405,25,1
GJ8,Garenne,GJ,5b,NA,4,495,25,1
GJ9,Garenne,GJ,5b,NA,4,567,25,1
GJ10,Garenne,GJ,5b,NA,4,788,25,1
GJ11,Garenne,GJ,0b,NA,4,694,25,1
GJ12,Garenne,GJ,0b,NA,4,602,25,1
GJ13,Garenne,GJ,0b,NA,4,412,25,1
GJ14,Garenne,GJ,0b,NA,4,465,25,1
GJ15,Garenne,GJ,0b,NA,4,393,25,1
GK1,Garenne,GK,3b,NA,4,499,25,1
GK2,Garenne,GK,3b,NA,4,460,25,1
GK3,Garenne,GK,3b,NA,4,620,25,1
GK4,Garenne,GK,3b,NA,4,454,25,1
GK5,Garenne,GK,3b,NA,4,382,25,1
GK6,Garenne,GK,5b,NA,4,629,25,1
GK7,Garenne,GK,5b,NA,4,1109,25,1
GK8,Garenne,GK,5b,NA,4,600,25,1
GK9,Garenne,GK,5b,NA,4,1200,25,1
GK10,Garenne,GK,5b,NA,4,1200,25,1
GK11,Garenne,GK,0b,NA,4,340,25,1
GK12,Garenne,GK,0b,NA,4,1200,25,1
GK13,Garenne,GK,0b,NA,4,1200,25,1
GK14,Garenne,GK,0b,NA,4,1200,25,1
GK15,Garenne,GK,0b,NA,4,675,25,1
GL1,Garenne,GL,3b,NA,4,466,25,1
GL2,Garenne,GL,3b,NA,4,792,25,1
GL3,Garenne,GL,3b,NA,4,934,25,1
GL4,Garenne,GL,3b,NA,4,431,25,1
GL5,Garenne,GL,3b,NA,4,670,25,1
GL6,Garenne,GL,5b,NA,4,1200,25,1
GL7,Garenne,GL,5b,NA,4,572,25,1
GL8,Garenne,GL,5b,NA,4,470,25,1
GL9,Garenne,GL,5b,NA,4,920,25,1
GL10,Garenne,GL,5b,NA,4,1200,25,1
GL11,Garenne,GL,0b,NA,4,722,25,1
GL12,Garenne,GL,0b,NA,4,1200,25,1
GL13,Garenne,GL,0b,NA,4,427,25,1
GL14,Garenne,GL,0b,NA,4,574,25,1
GL15,Garenne,GL,0b,NA,4,1200,25,1
MA1,Marais,MA,3b,NA,4,1180,25,4
MA2,Marais,MA,3b,NA,4,1194,25,4
MA3,Marais,MA,3b,NA,4,634,25,4
MA4,Marais,MA,3b,NA,4,535,25,4
MA5,Marais,MA,3b,NA,4,1102,25,4
MA6,Marais,MA,5b,NA,4,1200,25,4
MA7,Marais,MA,5b,NA,4,590,25,4
MA8,Marais,MA,5b,NA,4,1141,25,4
MA9,Marais,MA,5b,NA,4,940,25,4
MA10,Marais,MA,5b,NA,4,1200,25,4
MA11,Marais,MA,0b,NA,4,1200,25,4
MA12,Marais,MA,0b,NA,4,813,25,4
MA13,Marais,MA,0b,NA,4,587,25,4
MA14,Marais,MA,0b,NA,4,722,25,4
MA15,Marais,MA,0b,NA,4,1200,25,4
MB1,Marais,MB,3b,NA,4,602,25,4
MB2,Marais,MB,3b,NA,4,534,25,4
MB3,Marais,MB,3b,NA,4,1200,25,4
MB4,Marais,MB,3b,NA,4,1200,25,4
MB5,Marais,MB,3b,NA,4,636,25,4
MB6,Marais,MB,5b,NA,4,825,25,4
MB7,Marais,MB,5b,NA,4,467,25,4
MB8,Marais,MB,5b,NA,4,883,25,4
MB9,Marais,MB,5b,NA,4,647,25,4
MB10,Marais,MB,5b,NA,4,905,25,4
MB11,Marais,MB,0b,NA,4,1200,25,4
MB12,Marais,MB,0b,NA,4,569,25,4
MB13,Marais,MB,0b,NA,4,612,25,4
MB14,Marais,MB,0b,NA,4,791,25,4
MB15,Marais,MB,0b,NA,4,552,25,4
MC1,Marais,MC,3b,NA,4,453,25,1
MC2,Marais,MC,3b,NA,4,487,25,4
MC3,Marais,MC,3b,NA,4,1200,25,4
MC4,Marais,MC,3b,NA,4,543,25,1
MC5,Marais,MC,3b,NA,4,1200,25,1
MC6,Marais,MC,5b,NA,4,1196,25,1
MC7,Marais,MC,5b,NA,4,973,25,1
MC8,Marais,MC,5b,NA,4,1200,25,1
MC9,Marais,MC,5b,NA,4,924,25,1
MC10,Marais,MC,5b,NA,4,542,25,1
MC11,Marais,MC,0b,NA,4,1200,25,1
MC12,Marais,MC,0b,NA,4,509,25,1
MC13,Marais,MC,0b,NA,4,817,25,1
MC14,Marais,MC,0b,NA,4,1200,25,1
MC15,Marais,MC,0b,NA,4,634,25,4
MD1,Marais,MD,3b,NA,4,622,25,1
MD2,Marais,MD,3b,NA,4,534,25,4
MD3,Marais,MD,3b,NA,4,1200,25,4
MD4,Marais,MD,3b,NA,4,422,25,4
MD5,Marais,MD,3b,NA,4,628,25,1
MD6,Marais,MD,5b,NA,4,1195,25,4
MD7,Marais,MD,5b,NA,4,410,25,4
MD8,Marais,MD,5b,NA,4,1200,25,1
MD9,Marais,MD,5b,NA,4,745,25,4
MD10,Marais,MD,5b,NA,4,725,25,1
MD11,Marais,MD,0b,NA,4,518,25,1
MD12,Marais,MD,0b,NA,4,823,25,1
MD13,Marais,MD,0b,NA,4,622,25,1
MD14,Marais,MD,0b,NA,4,336,25,1
MD15,Marais,MD,0b,NA,4,721,25,1
ME1,Marais,ME,3b,NA,4,483,25,4
ME2,Marais,ME,3b,NA,4,790,25,4
ME3,Marais,ME,3b,NA,4,550,25,4
ME4,Marais,ME,3b,NA,4,580,25,4
ME5,Marais,ME,3b,NA,4,570,25,4
ME6,Marais,ME,5b,NA,4,600,25,4
ME7,Marais,ME,5b,NA,4,500,25,4
ME8,Marais,ME,5b,NA,4,850,25,4
ME9,Marais,ME,5b,NA,4,370,25,4
ME10,Marais,ME,5b,NA,4,490,25,4
ME11,Marais,ME,0b,NA,4,702,25,4
ME12,Marais,ME,0b,NA,4,632,25,4
ME13,Marais,ME,0b,NA,4,440,25,4
ME14,Marais,ME,0b,NA,4,888,25,4
ME15,Marais,ME,0b,NA,4,570,25,4
MF1,Marais,MF,3b,NA,4,456,25,4
MF2,Marais,MF,3b,NA,4,474,25,4
MF3,Marais,MF,3b,NA,4,540,25,4
MF4,Marais,MF,3b,NA,4,430,25,4
MF5,Marais,MF,3b,NA,4,410,25,4
MF6,Marais,MF,5b,NA,4,560,25,4
MF7,Marais,MF,5b,NA,4,462,25,4
MF8,Marais,MF,5b,NA,4,595,25,4
MF9,Marais,MF,5b,NA,4,920,25,4
MF10,Marais,MF,5b,NA,4,1200,25,4
MF11,Marais,MF,0b,NA,4,480,25,4
MF12,Marais,MF,0b,NA,4,550,25,4
MF13,Marais,MF,0b,NA,4,540,25,4
MF14,Marais,MF,0b,NA,4,540,25,4
MF15,Marais,MF,0b,NA,4,1200,25,4
MG1,Marais,MG,3b,NA,4,505,25,4
MG2,Marais,MG,3b,NA,4,880,25,4
MG3,Marais,MG,3b,NA,4,530,25,4
MG4,Marais,MG,3b,NA,4,530,25,4
MG5,Marais,MG,3b,NA,4,750,25,4
MG6,Marais,MG,5b,NA,4,650,25,4
MG7,Marais,MG,5b,NA,4,659,25,4
MG8,Marais,MG,5b,NA,4,1047,25,4
MG9,Marais,MG,5b,NA,4,680,25,4
MG10,Marais,MG,5b,NA,4,620,25,4
MG11,Marais,MG,0b,NA,4,900,25,4
MG12,Marais,MG,0b,NA,4,1180,25,4
MG13,Marais,MG,0b,NA,4,765,25,4
MG14,Marais,MG,0b,NA,4,1200,25,4
MG15,Marais,MG,0b,NA,4,450,25,4
MH1,Marais,MH,3b,NA,4,720,25,4
MH2,Marais,MH,3b,NA,4,1200,25,4
MH3,Marais,MH,3b,NA,4,520,25,4
MH4,Marais,MH,3b,NA,4,570,25,4
MH5,Marais,MH,3b,NA,4,380,25,4
MH6,Marais,MH,5b,NA,4,460,25,4
MH7,Marais,MH,5b,NA,4,848,25,4
MH8,Marais,MH,5b,NA,4,1200,25,4
MH9,Marais,MH,5b,NA,4,580,25,4
MH10,Marais,MH,5b,NA,4,660,25,4
MH11,Marais,MH,0b,NA,4,554,25,4
MH12,Marais,MH,0b,NA,4,460,25,4
MH13,Marais,MH,0b,NA,4,649,25,4
MH14,Marais,MH,0b,NA,4,702,25,4
MH15,Marais,MH,0b,NA,4,614,25,4
MI1,Marais,MI,3b,NA,4,586,25,1
MI2,Marais,MI,3b,NA,4,500,25,1
MI3,Marais,MI,3b,NA,4,418,25,1
MI4,Marais,MI,3b,NA,4,629,25,1
MI5,Marais,MI,3b,NA,4,535,25,1
MI6,Marais,MI,5b,NA,4,505,25,1
MI7,Marais,MI,5b,NA,4,570,25,1
MI8,Marais,MI,5b,NA,4,487,25,1
MI9,Marais,MI,5b,NA,4,562,25,1
MI10,Marais,MI,5b,NA,4,726,25,1
MI11,Marais,MI,0b,NA,4,625,25,1
MI12,Marais,MI,0b,NA,4,393,25,1
MI13,Marais,MI,0b,NA,4,1200,25,1
MI14,Marais,MI,0b,NA,4,369,25,1
MI15,Marais,MI,0b,NA,4,1046,25,1
MJ1,Marais,MJ,3b,NA,4,704,25,1
MJ2,Marais,MJ,3b,NA,4,599,25,1
MJ3,Marais,MJ,3b,NA,4,356,25,1
MJ4,Marais,MJ,3b,NA,4,580,25,1
MJ5,Marais,MJ,3b,NA,4,535,25,1
MJ6,Marais,MJ,5b,NA,4,1092,25,1
MJ7,Marais,MJ,5b,NA,4,540,25,1
MJ8,Marais,MJ,5b,NA,4,1106,25,1
MJ9,Marais,MJ,5b,NA,4,446,25,1
MJ10,Marais,MJ,5b,NA,4,779,25,1
MJ11,Marais,MJ,0b,NA,4,440,25,1
MJ12,Marais,MJ,0b,NA,4,400,25,1
MJ13,Marais,MJ,0b,NA,4,461,25,1
MJ14,Marais,MJ,0b,NA,4,1029,25,1
MJ15,Marais,MJ,0b,NA,4,502,25,1
MK1,Marais,MK,3b,NA,4,406,25,1
MK2,Marais,MK,3b,NA,4,584,25,1
MK3,Marais,MK,3b,NA,4,745,25,1
MK4,Marais,MK,3b,NA,4,513,25,1
MK5,Marais,MK,3b,NA,4,497,25,1
MK6,Marais,MK,5b,NA,4,708,25,1
MK7,Marais,MK,5b,NA,4,1170,25,1
MK8,Marais,MK,5b,NA,4,1036,25,1
MK9,Marais,MK,5b,NA,4,456,25,1
MK10,Marais,MK,5b,NA,4,502,25,1
MK11,Marais,MK,0b,NA,4,447,25,1
MK12,Marais,MK,0b,NA,4,533,25,1
MK13,Marais,MK,0b,NA,4,414,25,1
MK14,Marais,MK,0b,NA,4,678,25,1
MK15,Marais,MK,0b,NA,4,543,25,1
ML1,Marais,ML,3b,NA,4,475,25,1
ML2,Marais,ML,3b,NA,4,879,25,1
ML3,Marais,ML,3b,NA,4,550,25,1
ML4,Marais,ML,3b,NA,4,578,25,1
ML5,Marais,ML,3b,NA,4,707,25,1
ML6,Marais,ML,5b,NA,4,600,25,1
ML7,Marais,ML,5b,NA,4,523,25,1
ML8,Marais,ML,5b,NA,4,492,25,1
ML9,Marais,ML,5b,NA,4,409,25,1
ML10,Marais,ML,5b,NA,4,724,25,1
ML11,Marais,ML,0b,NA,4,1054,25,1
ML12,Marais,ML,0b,NA,4,1095,25,1
ML13,Marais,ML,0b,NA,4,1200,25,1
ML14,Marais,ML,0b,NA,4,707,25,1
ML15,Marais,ML,0b,NA,4,627,25,1
